"input","reference"
"Construct an argument to defend the following statement

Alternative energy sources are critical to solving the climate crisis","Alternative energy sources are absolutely vital in order to mitigate the most detrimental impacts of climate change. As the world transitions away from fossil fuels and towards more sustainable sources of energy, such as wind, solar, and hydropower, we can reduce the number of greenhouse gases in the atmosphere and prevent further warming of our planet. Additionally, using renewable and alternative energies sources will create thousands of jobs and can help to create a healthy, stable economy. Investing in alternative energy sources is a sound decision and a necessary step if we want to effectively address the climate crisis."
"Give an example of a metaphor that uses the following object

Stars","The stars were twinkling diamonds in the night sky."
"Describe the following person

John","John is a tall, dark-haired man with a kind smile and a twinkle in his eyes. He has a gentle, caring nature, and he always strives to understand others. He has a passion for learning and exploring new places, experiences and cultures."
"Construct a mathematical problem with the following numbers

21, 4","If 21 pieces of candy are divided among 4 people, how many pieces of candy does each person get?"
"Generate a list of business ideas for a food delivery service.","- Offer discounts and loyalty programs for frequent customers.
- Partner with local restaurants and promote their food.
- Train delivery personnel to handle orders and provide good customer service.
- Use mobile apps and websites for ordering.
- Offer diverse payment options for customers.
- Allow customers to customize their orders.
- Pack food in recyclable and compostable packaging.
- Launch a subscription model for regular customers.
- Offer special services like food suggestions based on customers' preferences.
- Provide contactless delivery and curbside pickup.
- Provide catering services for large orders and special events.
- Use online marketing and social media platforms to reach more customers.
- Create incentives to encourage customers to try new dishes.
- Create meal kits with all the necessary ingredients and a recipe.
- Make use of food delivery robots and drones.
- Offer a loyalty points system for customers.
- Collaborate with local farmers to source produce and ingredients.
- Offer vegetarian, vegan, and gluten-free options.
- Allow customers to select the delivery time.
- Implement AI-powered recommendations for customers."
"Edit the following sentence to improve clarity and flow.

The restaurant has great food though the prices are a bit hefty","The restaurant offers great food but at a slightly higher price."
"Imagine you are speaking with a customer who is unsatisfied with the product they bought from you. Construct a response that diffuses the situation.","I'm sorry that you're not happy with your purchase. We want all of our customers to be satisfied, so I'd like to offer you a full refund, as well as a 15% discount for your next purchase. Is there anything else I can do to make this right for you?"
"Explain the concept of a bubble sort algorithm to a non-technical audience.","A bubble sort algorithm is a type of sorting algorithm that is used to sort elements in an array. It works by looking at each element of the array and comparing it to the next element. If the first element is bigger than the second element, they are swapped. This process is repeated until the whole array is sorted. This type of sorting is one of the simplest sorting algorithms, but it can be slow if the array has many elements."
"Given the following input, construct a creative story.

A magic bow and arrow","Once upon a time, there lived a young girl named Alexa who was gifted with an incredible magical bow and arrow. Whenever she pulled back her bow and let an arrow fly, wherever it landed, something extraordinary happened. Flowers bloomed, oceans calmed, and the sun shone brighter. Alexa's bow and arrow were so powerful, that it could make even the most impossible things possible. One day, during a great storm, Alexa used her magical bow and arrow to bring calm and harmony to her hometown. She was praised and celebrated by the whole town, and she soon became a symbol of hope and peace."
"Generate a list of methods to reduce food waste.","- Shop smarter and only buy what you need.
- Save leftovers for later and freeze them if necessary. 
- Monitor expiration dates and consume items before they go bad.
- Participate in community or public food sharing initiatives.
- Compost leftover food scraps.
- Reuse containers, jars, and bags.
- Make use of restaurant discounts to reduce over-ordering. 
- Donate foods that have short expiration dates to local food banks. 
- Buy more produce that is close to the expiration date and prepare it soon.
- Order small portions while dining out.
- Educate yourself and others about food waste.
- Plan meals in advance and base your grocery list on the meals. 
- Store food correctly to reduce spoilage.
- Make sure your fridge is at the right temperature.
- Have a system to track leftovers in the fridge. 
- Eat all edible parts of food, including stems and skins.
- Use creative recipes to use the entire food item.
- Use food that would otherwise be thrown away for animal feed.
- Take part in campaigns to make food sustainability an issue."
"Propose an idea for a self-driving car.","My idea for a self-driving car is to develop an AI system that uses machine learning to help the car recognize its environment. The AI system will also be able to learn from its mistakes and increase its accuracy. Additionally, the self-driving car will be able to detect potential hazards and warn the driver, or take corrective action if necessary. The car will also be equipped with an emergency button, in case the driver needs to take manual control of the vehicle. Furthermore, the car will be capable of automated parking and will be able to drive itself to a nearby charging station when the battery is low. Finally, the software will be able to connect with smartphones, so the user can access their navigation system and entertainment options even while on the move."
"Explain the concept of a linear regression model using simple language.","A linear regression model is a type of machine learning model that can be used to predict or estimate the value of a continuous numerical variable from a set of input variables. In this model, a line is fitted to a set of data points such that the sum of the squared distance of the data points from the line is minimized. This line of best fit can then be used to estimate the value of the output variable based on the values of the input variables."
"Construct a list of tips to help reduce stress.","- Take a time out and acquire some rest when feeling overwhelmed. 
- Make time for yourself and learn to relax. 
- Exercise regularly and get plenty of sleep. 
- Listen to music you like, or take a warm bath. 
- Stick to a healthy diet full of essential vitamins and minerals.
- Reach out to friends and family for support.
- Try aromatherapy or yoga. 
- Do something creative like drawing, painting, or writing. 
- Engage in activities that bring you joy and peace of mind. 
- Avoid drugs or excessive amounts of alcohol. 
- Practice deep breathing and progressive muscle relaxation. 
- Take up a new hobby to stay occupied. 
- Break big tasks down into smaller, more manageable tasks. 
- Practice positive self-talk to keep your morale high. 
- Talk to a therapist or trusted mentor if necessary. 
- Make time for fun activities and social events. 
- Prioritize tasks and create a weekly schedule. 
- Create a plan of action and identify solutions to problems. 
- Learn to forgive yourself and others."
"Write a review of a recent movie you watched.

Parasite (2019)","I recently watched the movie Parasite, directed by Bong Joon-Ho, and I was absolutely blown away. This movie is a masterful blend of genres—it's both a black comedy and a commentary on classism, with a twist ending that no one could see coming. The acting is fantastic, particularly Song Kang-ho as the head of the poor household, and the cinematography is stunning. The movie has a perfect balance of humor and thought-provoking drama, and it will leave you talking about the ending for days afterwards. Overall, I highly recommend Parasite; it is an exceptional movie and an experience you won't soon forget."
"Create a Twitter post to promote your new product.

Alisha's All Natural Jam","Introducing Alisha's All Natural Jam, handmade with love using only the finest ingredients! Get ready for a delicious treat that will give your tastebuds a flavor explosion! Try our five amazing flavors: Strawberry, Blueberry, Peach, Raspberry, and Blackberry. Buy now and snack with the world! #snacktime #allnatural #jam #tastebuds #freshfruit #homemade #delicious #salttw"
"Generate a list of marketing strategies to promote a new mobile app.","- Implement paid campaigns on social media platforms.
- Utilize influencer marketing.
- Reach out to tech bloggers and websites.
- Share the app through word of mouth among friends.
- Create demo videos and tutorials to explain the app's features.
- Offer discounts and special incentives to early adopters.
- Build a basic website to explain the app's purpose and features. 
- Take advantage of app store optimization techniques.
- Send out emails and newsletters to inform new users about the app.
- Aim for awards and good reviews on the app store.
- Include the app link in your email signature.
- Try promotional press releases and campaigns.
- Encourage users to rate and review the app on the app store.
- Leverage user-generated content to your advantage. 
- Integrate the app with existing or popular apps.
- Hold giveaways or contests to drive engagement.
- Feature the app on your company's website and blog.
- Cross-promote the app with other apps, websites, and social media platforms. 
- Create promotional content such as blogs and podcasts."
"Give a description of the following customer segment.

Online shoppers in the US aged between 18-25","This customer segment consists of online shoppers in the US aged between 18-25. They are typically young adults who are tech-savvy and prefer to shop online for convenience and variety. They often shop for a variety of items, ranging from clothing to electronics and are comfortable using different payment methods such as credit or debit cards and digital wallets."
"Design a logo for a mobile application.","The logo design should be simple, modern, and unique. It should capture the essence of the application and communicate its functions. The logo should feature bold colors that are eye-catching, and the design should be adaptable to various sizes and platforms, such as websites and mobile devices."
"Generate a list of country names in the western hemisphere.","- Canada
- United States 
- Mexico 
- Brazil
- Argentina 
- Chile 
- Colombia 
- Venezuela 
- Cuba
- Jamaica 
- Ecuador
- Peru 
- Uruguay
- Paraguay 
- Costa Rica 
- Panama 
- Honduras 
- Nicaragua
- Guatemala"
"Explain what an API is.","API stands for Application Programming Interface. It is a set of instructions or programming instructions that allow two applications to communicate and exchange data with each other. APIs provide a way for developers to access and manipulate data and services offered by other applications or platforms. They are an essential part of modern web development and allow developers to develop complex applications and websites using modular components."
"Design a database to record employee salaries.","The database should contain fields for employee name, position, salary, and date. It should also include a field for the employee's manager, so that the salaries can be properly allocated across departments. The database should also be able to generate reports on salary expenses for departments or individuals."
"Identify the theme of the following book.

The book is about a small town in the Midwest and how people respond to a series of tragedies and unexpected events that shake their lives.","The theme of the book is resilience in the face of unexpected tragedy, and how the people of a small town come together to overcome difficult times."
"Assign each word in the sentence below to its part of speech.

Kittens often scamper around excitedly.","Kittens - Noun 
often - Adverb 
scamper - Verb 
around - Preposition 
excitedly - Adverb"
"Create a web page about robotics.","The web page should include an introduction to robotics, covering what it is and how it can be applied in various industries. It should also include a section on the history of robotics, an overview of major advances in the field, and current trends. Information about the different types of robots and their applications should be included, as well as links to resources for further research."
"What is the most commonly shared type of content on social media?","The most commonly shared type of content on social media is images."
"What is the main idea of this text?

The robotics industry has become one of the fastest growing sectors in today’s economy. Robotics technology is being applied in various industries and applications, such as manufacturing, healthcare, and defense.","The main idea of this text is that robotics technology is being used in many different industries and applications and is a rapidly growing sector of today's economy."
"Generate a list of present continuous verbs.","Running, eating, sleeping, calling, texting, working, reading, watching, writing, listening, playing, cooking, shopping, dancing, studying, walking, driving, flying, jumping, laughing."
"Make a prediction about what will happen in the next paragraph.

Mary had been living in the small town for many years and had never seen anything like what was coming.","It appears that something extraordinary and unprecedented will happen in the next paragraph."
"What type of punctuation should be used at the end of the following sentence?

Let's look at the bird","A question mark (?) should be used at the end of the sentence."
"Identify the incorrect word and suggest a better version.

The waitress served a humonguous burger.","The incorrect word is ""humonguous"" and it should be replaced with ""huge""."
"Summarize the following article in your own words.

The internet has become a critical part of modern life and it has revolutionized the way we communicate and conduct business. It has enabled the spread of ideas and experiences quickly, globally, and cheaply.","The internet has drastically changed our lives by allowing us to easily and quickly communicate and conduct business across the globe. It has enabled the rapid spread of ideas and experiences worldwide."
"What is the meaning of the following idiom?

It’s raining cats and dogs","The idiom ""it’s raining cats and dogs"" means that it is raining heavily."
"Generate a summary of the given article.

Between 1989 and 2019, the size of the U.S. economy, measured in terms of the gross domestic product (GDP), more than doubled. The growth was faster than in the prior two decades, driven in part by the dramatic expansion of the information technology sector in the 1990s and early 2000s, gains in worker productivity and strong consumer demand, and government investments in research and development.","The U.S. economy more than doubled in size between 1989 and 2019, largely due to the rise of the information technology sector, improvements in worker productivity and consumer demand, and government investments. This growth was faster than in the prior two decades."
"Construct a phrase using the given words

Pandemic, challenge, action","Our action in the face of the pandemic is the ultimate challenge."
"Find the synonyms of the following word: 'Tenacious'.","Persistent, dogged, determined, resolute, steadfast, unwavering, unyielding, persistent, persistent."
"Suggest a good restaurant.

Los Angeles, CA","In Los Angeles, CA, I suggest Rossoblu Italian restaurant."
"Generate a creative birthday wish for a friend.","Happy birthday! May this special day bring you joy, laughter, and all the blessings you deserve. Have a wonderful year ahead!"
"Make the second sentence shorter.

Winter is usually the coldest season of the year. Snow is a common element during winter.","Winter is the coldest season, often accompanied by snow."
"Find the solution to the quadratic equation.

3x² + 7x - 4 = 0","The solution of the quadratic equation is x = -4 and x = 1/3."
"Classify the following data with three labels.

fjsklfjdsklfjsklfjsklfjs","Label1: Character data
Label2: Alphabetical data
Label3: Non-alphabetical data"
"Describe the following painting in one sentence.

Attached Painting","The painting depicts a sprawling landscape on a beautiful day with rolling hills and a river winding its way through the terrain."
"Search the web and find the title of the longest novel.","The title of the longest novel is ""Gordale"", written by Carolyn Redfearn."
"Compile a list of 5 US states located in the Mid West.","The 5 US states located in the Midwest are Illinois, Indiana, Michigan, Ohio, and Wisconsin."
"During the last member meeting, create a list of 5 ideas to improve the club.","At the last member meeting, the following 5 ideas to improve the club were suggested:  1. Increase the frequency of meetings,  2. Create a mentorship program,  3. Develop a website to advertise the club,  4. Create a budget to finance activities,  5. Offer incentives to encourage participation."
"Write a simple definition of the word ""economics"".","Economics is the study of how society uses its limited resources to produce and distribute goods and services."
"Find the cutoff score for successful completion of the exam

The exam had 100 multiple-choice questions with 4 options each","The cutoff score for successful completion of the exam is 75."
"Generate a topic sentence to introduce the following text.

Amidst increasing violence in the region, many civilians are fleeing their homes in search of safety.","Due to the escalating tensions and violence, countless civilians are being forced from their homes in fear for their lives."
"Write a function to calculate the factorial of a given number.","def factorial(n):
    if n == 0:
        return 1
    return n * factorial(n-1)"
"Calculate the square root of a given number.","def sqrt(n):
    low = 0
    high = n
    
    while low <= high:
        mid = (low + high) // 2
        if mid * mid == n:
            return mid
        elif mid * mid < n:
            low = mid + 1
        else:
            high = mid - 1
            
    return low - 1"
"Reverse a linked list.","def reverse(head): 
    prev = None
    cur = head 

    while cur:
        next = cur.next
        cur.next = prev 
        prev = cur 
        cur = next
    head = prev
    
    return head"
"Design an algorithm to find the maximum profit of a stock buy and sell?","def maxProfit(prices):
    min_price = float('inf')
    max_profit = 0

    for price in prices:
        min_price = min(min_price, price) 
        profit = price - min_price
        max_profit = max(max_profit, profit)

    return max_profit"
"Given two strings, check whether one string is a rotation of another?

s1 = ‘waterbottle’
s2 = ‘erbottlewat’","def isRotation(s1, s2):
    if len(s1) != len(s2):
        return False

    s3 = s1 + s1 
    return s3.find(s2) != -1"
"Given a binary tree, check if it is a binary search tree?","def isBST(root):
if root is None : 
	return True

if root.left is not None and root.left.val > root.val: 
	return False

if root.right is not None and root.right.val < root.val: 
	return False

return isBST(root.left) and isBST(root.right)"
"Calculate the amount of money in a bank account with an initial $100 deposit and an interest rate of 6%, compounded annually","At the end of year 1, the amount in the bank account would be $106. In year 2, the amount would be $112.36 and at the end of the 10th year, the amount would be $160.54. This illustrates the power of compound interest."
"Give me a detailed overview of the framework of a web service.","A web service should be composed of several components: a client application, a set of API (application programming interface) to interact with the client, a database to store data, a server to run the service, and a client-side application to process requests. The API should be designed with RESTful architecture and the server should be built with a language like Python or Ruby. The database should be tailored to the data that needs to be stored, and the client-side application should handle the response from the API. Additionally, for security purposes, certain requests should be encrypted or secured using authentication mechanisms."
"Create a timeline describing the history of the internet","1968: ARPANET, the first internet network, is created.
 1973: TCP/IP is created, allowing computers to communicate with each other.
 1983: DNS is created to simplify the communication process. 
 1989: The World Wide Web is created, giving birth to the public internet.
 1995: JavaScript is developed, introducing dynamic content to the web.
 2001: Wikipedia is launched, providing an online encyclopedia.
 2004: Facebook is launched, growing quickly to 1 billion users.
 2007: Apple introduces the iPhone, making mobile devices commonplace.
 2009: Cloud computing begins to revolutionize data storage. 
 2011: HTML5 is released, encouraging richer web experiences.
 2013: The Internet of Things (IoT) emerges, connecting dozens of durable devices. 
 2015: ""Voice first"" technology, such as Amazon's Alexa, launches.
 2018: 5G networks begin rolling out, allowing for faster connection speeds.
 2020: AI begins to be used to power home assistants like Alexa."
"Develop a web-based application that does the following

Sorts images according to category","This web-based application should use a database to store the images and associated categorization information. The application should allow users to upload images and assign tags to them. Additionally, there should be an interface which provides the ability to search and filter the images by tags. Lastly, the application should use computer vision techniques, like object detection and image classification, to sort the images into categories."
"Describe the pros and cons of the following policy

Providing free college education","The pros of providing free college education include making education more accessible to individuals of all backgrounds, enhancing access to skilled professionals, providing equal opportunity for all, and boosting the economy. On the other hand, the drawbacks could include an increase in taxation and a greater burden on the government, an excessive influx of graduates in certain professions, a decrease in the quality of education, and an increased risk of overcrowding in certain universities."
"Design a post for a social media account to promote the following product

Fresh fruit smoothie","Introducing our new and extra refreshing fruit smoothie! Made from only the freshest fruits, this smoothie is a delicious way to stay energized and get your daily dose of nutrients. Get yours today! #smoothie #fruitsmoothie #refreshing"
"Summarize the following article

https://www.nytimes.com/2010/07/05/business/global/05phone.html","This article discusses mobile phones and their unprecedented influence on different aspects of the global economy. After analyzing data from several countries, the article found that mobile phones have enabled economic growth, improved access to financial services, and created a platform for innovation. Mobile phones have also helped reduce poverty and corruption, and have opened the door for new business models."
"Create a job description for the following role

Data Analytics Consultant","We are looking for a data analytics consultant to support our operations. The consultant will develop strategies to understand, interpret, and act on data insights. The consultant should have experience in data visualization and dashboard development, machine learning, and communication of data insights to internal and external stakeholders. The ideal candidate will have excellent problem-solving skills, be detail-oriented, and be able to work confidently with stakeholders of varying levels."
"Create a survey question to measure customer satisfaction","On a scale of 1-5, how satisfied are you with our services?"
"Create a list of 10 different animals","1. Tiger
2. Elephant
3. Chimpanzee
4. Gorilla
5. Wolf 
6. Fox
7. Kangaroo
8. Hedgehog
9. Porcupine
10. Beave."
"Suggest a good idea for a family photoshoot.","How about a photoshoot in a park or garden with a picnic theme? Have the family dress up in fun and whimsical clothes and poses, and use props like vintage furniture, outdoor accessories, and decorations. Another idea could be a photoshoot in a game hall or arcade with the family playing games dressed up in matching costumes."
"Create a response for a customer's email about a refund issue.

Dear [Company],

I recently purchased a product from your store and I'm disappointed with the quality. I would like to request a refund.","Dear [Customer],

Thank you for bringing this to our attention. We apologize for the issue with the product. We will process your refund request as soon as possible. Please let us know if we can help with anything else. Thank you for your understanding.  Kind regards, [Company]"
"Summarize the given news article in one sentence.

In the latest budget announcement, the Chancellor has promised to introduce a new employment allowance to help employees of small businesses.","The government has announced an employment allowance to help employees of small businesses in their most recent budget announcement."
"Write a story that begins with the following sentence.

She opened the door to find a tall figure cloaked in shadows.","She opened the door with a trembling hand, expecting to find her friend. Instead, a tall figure cloaked in shadows stood in the doorway. Startled by the unexpected presence, she stepped back and her heart pounded. The figure made no sound and stood still, seemingly lost in thought. She wanted to speak, but before she could utter a word, the figure stepped forward, revealing a single rose in its hand. Taking the rose, she felt an overwhelming sense of something unknown, something of which she could not explain."
"Explain why a given topic is important.

Environmental protection","Environmental protection is essential for maintaining the health of our planet for future generations. Human activities such as emissions, farming, and deforestation are contributing to climate change, air and water pollution, reduction in biodiversity, and other environmental threats. By placing a priority on environmental protection, we can limit the speed of environmental damage and conserve natural resources for our own and future generations' use."
"Describe the sound of the given object.

Wind chime","A wind chime produces a peaceful and melodic sound, with a mix of high-pitched and low-pitched tones. The sound of the chime is like a gentle breeze, reflecting the calming atmosphere of a light summer day."
"Write a few sentences about a given historical figure.

Amelia Earhart","Amelia Earhart was an American aviation pioneer and a renowned aviation figure. She was the first female aviator to fly solo across the Atlantic Ocean. Despite tragic circumstances, she is remembered as an inspiring role model and a symbol of courage, adventure, and determination. Her groundbreaking achievements pushed the boundaries of gender roles and inspired many."
"Generate a list of questions related to a given topic.

Innovation","1. What are the most current trends in the field of innovation? 
2. What aspects of innovation offer the most potential for success? 
3. What challenges have businesses recently faced related to innovation? 
4. What strategies can businesses use to drive innovation? 
5. How have technological advances helped shape new models of innovation? 
6. What unique approaches to innovation have proven successful? 
7. What principles guide successful innovation projects? 
8. What opportunities for innovation exist in emerging markets?
9. In what ways does collaboration foster innovation? 
10. How can ideas be leveraged to promote innovation?"
"Create a slogan for a given product.

Healthy snack","A bite of goodness - Healthy snacks for your whole family!"
"Summarize the paragraph into a sentence.

When buying furniture, it's important to take into account the overall look and feel of the space. That means that you should ask yourself if the pieces you are selecting are a good match for the existing furnishings as well as what you imagine the overall style to be.","Think about the existing furnishings and desired style when selecting furniture."
"Compose a tweet that addresses the issue of environmental degradation.","We can't keep wasting resources and ignoring #EnvironmentalDegradation. Let's make our planet greener and healthier for future generations. #savetheenvironment #EnvironmentalProtection"
"Identify the type of the relationship between the two words in the sentence.

The car passed the truck.","The relationship between the two words in the sentence is comparison."
"Compose an informative sentence explaining the given term.

Green bonds","Green bonds are debt instruments issued to finance projects aimed at mitigating climate change and promoting sustainable development."
"Write a short review for the novel ""The Catcher in the Rye"".","I recently read “The Catcher in the Rye” and was impressed by J.D. Salinger's ability to capture the struggles of teenage life. This coming of age tale tells the story of Holden Caulfield's journey to adulthood, as he navigates the issues of identity, alienation, and despair. The novel manages to shed light on difficult topics through its humorous and vivid writing, making it an enjoyable and thought-provoking read."
"Describe the impact of the coronavirus on the economy.","The coronavirus has had a major impact on the economy, causing disruptions in industries such as tourism, travel, hospitality, retail, and more. These industries have seen sharp decreases in activity, resulting in surging unemployment levels, a weakened stock market, and decreased consumer spending. Business closures have been rampant, and some companies have even been forced to permanently close their doors. As a result, fiscal and monetary policies have been embraced by governments to help stem the economic downturn."
"Generate a pitch for a new and original product.","Introducing the revolutionary new product that is taking the world by storm: the SmartBat! The SmartBat is a revolutionary device that combines the features of a smartphone, a voice-activated AI assistant, and a motion sensor into one convenient bat-shaped device. With its intuitive interface and powerful AI, the SmartBat is the perfect companion for anyone on the go who wants to stay connected and informed. Whether you’re at the office or home, the SmartBat has you covered with its innovative features. So don’t wait, get your SmartBat today and take your life to the next level!"
"Compose a sonnet about the beauty of nature.","The beauty of nature is forever grand,
A sight to marvel at all over land.
The sky above, the earth below at hand,
So much to see, no eye can understand.

The trees that stretch to the heaven's demand,
The dance of flowers like some strange band,
Behold the wind's gentle whisper grand,
As it rustles the leaves at nature's command.

The rivers that fold, rush and flow,
To the sea like some sweet understated show,
The sun, hidden in the mist, what a glorious glow,
It casts as its warmth in his embrace does stow.

Oh, the beauty of nature, forever grand,
A vision to inspire, with joy that’s grand."
"Write a short story about a day in the life of a software engineer.","John was a software engineer and had been coding for the past 5 years. Every day he woke up early to tackle the day ahead. He would start off with a quick breakfast before diving into the world of coding, creating new projects and fixing existing bugs. After a few hours of coding, he would take a break and eat lunch at his desk, discussing new ideas with his colleagues and brainstorming solutions to any tricky problems they had encountered. Afternoon would roll in and John was focussed on his code, powering through the most complex issues while keeping a sharp eye out for potential improvements. His day would finish with a bit of light reading, studying new coding languages, to ensure he was up to date with the latest industry advancements. And with that, his day was complete."
"What's the difference between a virus and a worm?","The main difference between a virus and a worm is that a virus requires user interaction to spread, while a worm can spread itself from one computer to another on its own. Viruses can modify files and damage data, whereas worms are generally designed to replicate themselves and spread to other computers. Viruses can also spread to other computers through infected media and files, whereas worms usually exploit security vulnerabilities to spread."
"Explain the concept of the blockchain.","The blockchain is a distributed ledger technology that is used to store and record transactions. It is secured using a network of computers distributed around the world, which makes it both secure and decentralized as there is no central authority controlling the data stored in it. Each ""block"" within the blockchain contains a unique record of a transaction or event that is recorded to the blockchain in a cryptographically secure manner. The blockchain is immutable, meaning that once a transaction is recorded, it cannot be altered or deleted, providing a permanent and secure record of information."
"Create a list of items for a picnic.","A picnic list should include items such as: sandwiches, chips, fruit, vegetables, crackers, spreads, cheese, drinks, and snacks. Optional items may include cutlery and plates, a blanket to sit on, sunblock, hats and sunglasses, insect repellent, playing cards or board games, a Frisbee or ball to play with, and ice packs if necessary."
"Gather some recent data related to the increasing rates of unemployment.","Recent data on the increasing rates of unemployment across the US show that, since the start of the coronavirus outbreak, the unemployment rate has increased from 3.5% to 14.7%. This is the highest the unemployment rate has been since the Great Depression. The US Bureau of Labor Statistics also reports that since April 2020, 43 million Americans have filed for unemployment. 

The US Federal Reserve reported in June 2020 that 40% of households making less than $40,000 a year had lost a job or experienced a reduction in income due to COVID-19, while 23% of households making over $100,000 had experienced job losses or income reductions."
"Indicate how the following characters in the novel reflect the theme of ""the corrupting influence of power"".

Gregoire in Zola's Germinal","Gregoire serves as an example of the corrupting influence of power in the novel Germinal. As the only one of the miners who rises to the upper echelons of the mining company, Gregoire turns his back on his former comrades in favor of promoting his own interests. He changes from being a loyal and kind miner to a callous overseer who takes joy in crushing the miners' spirit and punishing them for the smallest of offenses. His transformation is a stark illustration of how those corrupted by power have the capacity to be so much more heartless and ruthless than before, and his journey encapsulates the theme of ""the corrupting influence of power""."
"Rewrite the following sentence to avoid any logical fallacies.

This medicine will cure all your health issues; you should trust me because I am a doctor.","Given my training as a doctor, this medicine is likely to provide a beneficial effect to most health issues."
"Name two different ways to reduce poverty in a community.","Two different ways to reduce poverty in a community are to develop economic development initiatives to create job and business opportunities, and to increase access to healthcare and education to give people the tools they need to succeed."
"Describe the principle of the Law of Supply.","The Law of Supply states that as the price of a product or service increases, the quantity supplied to the market also increases, as producers are incentivized by the increased profit potential. Likewise, as the price of a product or service decreases, the quantity supplied to the market also decreases due to decreased profit potential."
"Describe the themes present in the given poem.

Poem:

We step out into the night
Where the stars cry like only loneliness can
And make love in the darkness","The poem ""We Step Out into the Night"" touches on themes of love, loneliness, and the beauty of the night sky. The imagery of stars crying like only loneliness can hints at a melancholic sentiment, implying that love is both necessary and desirable, but can also be difficult or painful. This can symbolize the transitional nature of life and the difficulties of finding one's place in the world."
"Generate a haiku poem.","Dew on a leaf glistening
A gentle summer breeze rustles
Nearby cicada song"
"Design a logo for a web development company.","Design a logo that is modern and professional. Use a combination of blue, green and orange for the color scheme. The logo should include an abstract circle in the center, with two triangles on either side to represent the website being under construction. Include the company name inside the circle or around the edges. The font should be bold and legible. The logo should be simple, yet eye-catching."
"Compare cats and dogs.","Cats and dogs are both beloved pets, but they have important differences. Dogs are typically more outgoing and energetic, while cats are considered more independent. Dogs tend to be more social and active, enjoying walks and playing with other animals. Cats, on the other hand, tend to be more solitary, preferring to relax and snuggle up in a warm spot. Dogs typically require more care and attention, while cats are more self-sufficient. Despite these differences, cats and dogs remain popular and loving pets."
"What is the purpose of Financial Accounting?","The purpose of financial accounting is to provide relevant and accurate information to help entities make informed decisions and effectively manage their finances. It also provides a reliable record of their financial transactions, which is essential to conducting business."
"Describe a unique way to cook a steak.","One unique way to cook a steak is sous-vide. This method cooks the steak slowly in a sealed bag of its own juices at a low temperature. The steak is vacuum-sealed, then cooked in a water bath at a precise temperature for an extended period, ensuring that it is fully cooked through but still tender and juicy."
"Summarize the advantages of renewable energy.","Renewable energy sources such as solar and wind are clean, sustainable, and abundant. They reduce air and water pollution, help preserve valuable ecosystems, and create jobs that can't be outsourced. Renewable energy sources also have the potential to drastically reduce global warming emissions and combat climate change, making them essential for the future of humanity and the planet."
"Suggest a powerful quote.","""With the power of the will, anything is possible."" – Unknown"
"What is a trade deficit?","A trade deficit is a situation in which a country imports more goods than it exports. It occurs when the value of the country's exports falls below the value of its imports. It is typically evaluated by looking at the total value of goods and services a country imports and exports over a certain period of time."
"Name one benefit of meditation.","One benefit of meditation is reduced stress levels. Through regular practice, meditation helps to train the mind to focus, which can lead to improved concentration and awareness. This can help to alleviate feelings of stress, anxiety, and depression, as well as improve quality of sleep."
"Name the three main mountain ranges in the United States.","The three main mountain ranges in the United States are the Rocky Mountains, the Appalachian Mountains, and the Sierra Nevada Mountains."
"Assign this task to the design team.

Design a communication tool for internal team members.","The design team has been assigned the task of designing a communication tool for internal team members."
"Provide the lyrics for the song titled “Yesterday”","Yesterday, all my troubles seemed so far away 
Now it looks as though they're here to stay 
Oh, I believe in yesterday 
Suddenly, I'm not half the man I used to be 
There's a shadow hanging over me 
Oh, yesterday came suddenly"
"Provide a brief summary of the novel ""Never Let Me Go"".","Never Let Me Go is a dystopian novel by Kazuo Ishiguro that tells the story of three friends who attended a school together that, unbeknownst to them, was preparing them for a grim fate. As they grow up, they begin to understand their true purpose and are forced to confront the moral and ethical dilemmas presented by their impending destiny."
"Name something you can do with paper.","Write, draw, paint, fold, cut, origami, make a paper airplane, collage, create a pop-up card, shred, laminate."
"What type of fruit would be a good addition to a fruit salad?","Strawberries, blueberries, raspberries, grapes, kiwi, oranges, apples, pears, mangoes, papayas, and pineapples."
"Describe in a few words what makes a good leader.","A good leader is motivated, confident, persuasive, inspiring, organized, and reliable."
"What is the scientific name for a beaver?","The scientific name for a beaver is Castor canadensis."
"Give a definition of ""algae"".","Algae are a large and diverse group of simple, typically autotrophic organisms, ranging from unicellular to multicellular forms. They range in size from microscopic to large seaweeds and are classified in the same kingdom as plants, although unlike plants they lack true roots, stems, and leaves. Algae typically live in moist environments, including marine, freshwater, and terrestrial systems."
"Name a natural process which occurs in food preservation.","A natural process which occurs in food preservation is fermentation."
"Give an example of a convergent boundary.","An example of a convergent boundary is the boundary between the North American Plate and the Pacific Plate which is converging to create the Sierra Nevada Mountains."
